Date,Open,High,Low,Close,Adj Close,Volume
2015-12-31,138.429993,138.600006,137.940002,137.940002,137.940002,14000
2016-01-04,136.860001,136.860001,136.369995,136.850006,136.850006,11800
2016-01-05,136.660004,136.940002,136.580002,136.759995,136.759995,3200
2016-01-06,135.789993,136.449997,135.300003,135.399994,135.399994,51900
2016-01-07,135.000000,135.000000,134.009995,134.309998,134.309998,5300
2016-01-08,134.279999,134.320007,134.190002,134.300003,134.300003,20600
2016-01-11,134.270004,134.380005,134.259995,134.259995,134.259995,5200
2016-01-12,134.240005,134.720001,133.929993,134.240005,134.240005,9400
2016-01-13,134.610001,134.690002,133.419998,133.419998,133.419998,2800
2016-01-14,132.940002,134.399994,132.869995,134.270004,134.270004,3900
2016-01-15,133.750000,134.360001,133.750000,134.350006,134.350006,3600
2016-01-19,134.380005,134.850006,134.380005,134.520004,134.520004,5100
2016-01-20,132.899994,134.020004,132.399994,133.460007,133.460007,18600
2016-01-21,134.100006,134.539993,133.869995,134.399994,134.399994,10800
2016-01-22,133.639999,133.639999,133.500000,133.500000,133.500000,1600
2016-01-25,133.240005,133.449997,133.039993,133.240005,133.240005,1600
2016-01-26,133.410004,133.410004,132.929993,132.929993,132.929993,1400
2016-01-27,133.000000,133.190002,132.850006,133.190002,133.190002,3300
2016-01-28,133.229996,133.229996,132.929993,132.929993,132.929993,1000
2016-01-29,132.979996,133.509995,132.899994,133.509995,133.509995,5000
2016-02-01,129.639999,133.550003,129.639999,133.550003,133.550003,5400
2016-02-02,132.960007,132.960007,132.410004,132.630005,132.630005,8000
2016-02-03,133.009995,133.009995,132.190002,132.970001,132.970001,2700
2016-02-04,132.899994,133.619995,132.770004,133.100006,133.100006,2500
2016-02-05,132.740005,132.759995,132.009995,132.039993,132.039993,2500
2016-02-08,131.100006,131.470001,130.669998,131.470001,131.470001,44100
2016-02-09,131.020004,131.919998,131.020004,131.610001,131.610001,5000
2016-02-10,131.820007,132.630005,131.820007,131.899994,131.899994,12500
2016-02-11,131.449997,131.860001,131.300003,131.550003,131.550003,4600
2016-02-12,132.139999,132.809998,132.139999,132.809998,132.809998,11300
2016-02-16,133.559998,133.800003,132.990005,133.800003,133.800003,1300
2016-02-17,134.779999,135.009995,134.779999,135.009995,135.009995,1600
2016-02-18,134.979996,135.009995,134.360001,134.369995,134.369995,8000
2016-02-19,133.889999,133.899994,133.809998,133.809998,133.809998,800
2016-02-22,134.839996,134.839996,134.460007,134.460007,134.460007,900
2016-02-23,134.020004,134.229996,134.020004,134.130005,134.130005,4800
2016-02-24,133.410004,134.110001,133.320007,134.070007,134.070007,2300
2016-02-25,134.639999,135.050003,134.160004,135.000000,135.000000,3700
2016-02-26,135.110001,135.279999,135.110001,135.160004,135.160004,1600
2016-02-29,134.960007,135.229996,134.509995,134.509995,134.509995,2000
2016-03-01,134.970001,136.009995,134.960007,135.919998,135.919998,7000
2016-03-02,135.970001,136.259995,135.970001,136.259995,136.259995,1100
2016-03-03,135.960007,135.960007,135.639999,135.779999,135.779999,1700
2016-03-04,136.000000,136.720001,136.000000,136.570007,136.570007,7200
2016-03-07,135.940002,136.949997,135.940002,136.580002,136.580002,2400
2016-03-08,135.830002,136.350006,135.830002,135.889999,135.889999,1100
2016-03-09,135.929993,135.960007,135.929993,135.949997,135.949997,1200
2016-03-10,136.789993,136.789993,135.440002,135.440002,135.440002,1700
2016-03-11,136.899994,137.869995,136.899994,137.789993,137.789993,3000
2016-03-14,137.509995,137.820007,137.509995,137.820007,137.820007,2400
2016-03-15,137.360001,137.720001,137.360001,137.720001,137.720001,3700
2016-03-16,137.630005,138.559998,137.630005,138.309998,138.309998,2900
2016-03-17,138.110001,139.330002,138.110001,139.309998,139.309998,900
2016-03-18,138.619995,139.759995,138.619995,139.729996,139.729996,2600
2016-03-21,139.410004,139.770004,139.389999,139.389999,139.389999,1000
2016-03-22,139.279999,140.070007,139.279999,139.910004,139.910004,8300
2016-03-23,139.070007,139.070007,138.710007,138.850006,138.850006,3500
2016-03-24,138.179993,138.860001,138.179993,138.660004,138.660004,8300
2016-03-28,139.059998,139.059998,138.830002,139.009995,139.009995,1200
2016-03-29,139.500000,139.710007,139.500000,139.710007,139.710007,900
2016-03-30,140.360001,140.729996,140.350006,140.470001,140.470001,2200
2016-03-31,140.229996,140.679993,140.029999,140.160004,140.160004,7000
2016-04-01,139.330002,140.800003,139.330002,140.630005,140.630005,2000
2016-04-04,140.669998,140.669998,140.369995,140.369995,140.369995,800
2016-04-05,139.610001,139.820007,139.160004,139.160004,139.160004,4100
2016-04-06,139.399994,140.190002,139.399994,140.190002,140.190002,2300
2016-04-07,139.850006,139.850006,138.720001,139.259995,139.259995,20700
2016-04-08,139.660004,140.220001,139.169998,139.470001,139.470001,2700
2016-04-11,140.389999,140.389999,139.399994,139.399994,139.399994,2500
2016-04-12,139.300003,139.669998,139.300003,139.669998,139.669998,2200
2016-04-13,140.149994,140.389999,140.130005,140.350006,140.350006,1200
2016-04-14,140.600006,140.600006,140.600006,140.600006,140.600006,500
2016-04-15,140.279999,140.279999,139.940002,139.979996,139.979996,3000
2016-04-18,140.119995,140.789993,140.119995,140.600006,140.600006,2400
2016-04-19,141.009995,141.179993,141.009995,141.179993,141.179993,1300
2016-04-20,140.820007,141.580002,140.820007,141.580002,141.580002,1800
2016-04-21,141.029999,141.029999,140.690002,140.690002,140.690002,113100
2016-04-22,140.669998,140.669998,140.080002,140.419998,140.419998,1800
2016-04-25,140.580002,140.580002,139.960007,140.360001,140.360001,800
2016-04-26,140.570007,140.649994,140.210007,140.649994,140.649994,3300
2016-04-27,140.009995,140.809998,140.009995,140.789993,140.789993,1000
2016-04-28,141.990005,141.990005,139.460007,139.660004,139.660004,3900
2016-04-29,138.809998,139.389999,138.470001,138.869995,138.869995,1600
2016-05-02,139.089996,139.839996,139.089996,139.839996,139.839996,2300
2016-05-03,138.559998,139.000000,138.559998,138.679993,138.679993,1200
2016-05-04,138.899994,138.899994,138.360001,138.360001,138.360001,1500
2016-05-05,138.330002,138.419998,138.240005,138.369995,138.369995,4200
2016-05-06,137.809998,138.139999,137.779999,138.020004,138.020004,1600
2016-05-09,137.899994,138.139999,137.880005,138.020004,138.020004,1400
2016-05-10,138.880005,139.479996,138.880005,139.479996,139.479996,2500
2016-05-11,139.050003,139.100006,139.050003,139.100006,139.100006,500
2016-05-12,138.800003,138.800003,138.330002,138.330002,138.330002,2300
2016-05-13,138.550003,138.570007,137.139999,137.139999,137.139999,6200
2016-05-16,137.679993,137.899994,137.679993,137.850006,137.850006,1300
2016-05-17,137.690002,137.839996,137.369995,137.369995,137.369995,1100
2016-05-18,137.679993,137.800003,137.080002,137.080002,137.080002,1400
2016-05-19,137.059998,137.059998,137.000000,137.000000,137.000000,700
2016-05-20,137.990005,137.990005,137.330002,137.339996,137.339996,2500
2016-05-23,137.399994,137.690002,137.399994,137.509995,137.509995,6300
2016-05-24,138.389999,138.389999,138.389999,138.389999,138.389999,700
2016-05-25,138.720001,139.339996,138.720001,139.179993,139.179993,1600
2016-05-26,138.779999,139.309998,138.779999,138.929993,138.929993,2600
2016-05-27,139.110001,139.270004,139.059998,139.059998,139.059998,700
2016-05-31,139.300003,139.300003,138.880005,138.970001,138.970001,2100
2016-06-01,138.759995,138.990005,138.759995,138.940002,138.940002,1700
2016-06-02,138.889999,139.100006,138.889999,138.960007,138.960007,800
2016-06-03,138.639999,138.820007,138.639999,138.789993,138.789993,1900
2016-06-06,139.100006,139.250000,139.100006,139.119995,139.119995,900
2016-06-07,139.199997,139.399994,139.199997,139.399994,139.399994,500
2016-06-08,139.750000,139.750000,139.740005,139.740005,139.740005,700
2016-06-09,138.910004,139.710007,138.910004,139.710007,139.710007,800
2016-06-10,138.720001,138.889999,138.399994,138.500000,138.500000,4000
2016-06-13,138.509995,138.509995,138.190002,138.190002,138.190002,600
2016-06-14,137.600006,137.699997,137.479996,137.529999,137.529999,1800
2016-06-15,138.220001,138.330002,137.910004,137.990005,137.990005,19700
2016-06-16,136.610001,137.800003,136.589996,137.800003,137.800003,4100
2016-06-17,137.300003,137.940002,137.300003,137.479996,137.479996,23400
2016-06-20,138.389999,138.639999,138.350006,138.559998,138.559998,1700
2016-06-21,138.089996,138.559998,138.089996,138.429993,138.429993,1800
2016-06-22,138.770004,138.960007,138.210007,138.229996,138.229996,8100
2016-06-23,139.070007,139.660004,139.000000,139.600006,139.600006,1300
2016-06-24,134.160004,136.440002,134.160004,135.990005,135.990005,2100
2016-06-27,134.300003,134.300003,133.210007,133.289993,133.289993,51200
2016-06-28,132.690002,133.139999,132.539993,132.630005,132.630005,41200
2016-06-29,132.559998,132.559998,132.550003,132.550003,132.550003,1900
2016-06-30,132.460007,132.500000,132.440002,132.440002,132.440002,2200
2016-07-01,132.479996,132.500000,132.449997,132.500000,132.500000,1200
2016-07-05,132.539993,132.589996,132.449997,132.490005,132.490005,4400
2016-07-06,132.360001,132.529999,132.320007,132.479996,132.479996,11200
2016-07-07,132.649994,132.649994,132.309998,132.360001,132.360001,1000
2016-07-08,132.919998,133.419998,132.770004,133.410004,133.410004,2800
2016-07-11,133.440002,133.830002,133.440002,133.789993,133.789993,3200
2016-07-12,134.029999,134.570007,134.029999,134.570007,134.570007,4100
2016-07-13,133.990005,134.199997,133.940002,133.940002,133.940002,12300
2016-07-14,134.479996,134.669998,134.369995,134.580002,134.580002,3300
2016-07-15,134.570007,134.570007,134.360001,134.380005,134.380005,700
2016-07-18,134.539993,134.539993,134.449997,134.449997,134.449997,800
2016-07-19,134.110001,134.160004,134.009995,134.009995,134.009995,19400
2016-07-20,134.250000,134.899994,134.250000,134.779999,134.779999,4400
2016-07-21,134.630005,134.839996,134.309998,134.399994,134.399994,8400
2016-07-22,134.809998,134.809998,134.809998,134.809998,134.809998,300
2016-07-25,134.240005,134.470001,134.240005,134.470001,134.470001,1100
2016-07-26,134.559998,134.600006,134.080002,134.460007,134.460007,5900
2016-07-27,134.369995,134.539993,134.160004,134.539993,134.539993,1000
2016-07-28,134.089996,134.410004,134.089996,134.410004,134.410004,1100
2016-07-29,134.320007,134.779999,134.320007,134.589996,134.589996,1200
2016-08-01,134.119995,134.270004,134.119995,134.250000,134.250000,500
2016-08-02,133.350006,133.630005,133.100006,133.630005,133.630005,1600
2016-08-03,133.750000,133.779999,133.750000,133.779999,133.779999,700
2016-08-04,133.750000,133.750000,133.750000,133.750000,133.750000,400
2016-08-05,134.350006,134.750000,134.350006,134.720001,134.720001,1000
2016-08-08,134.589996,134.759995,134.589996,134.610001,134.610001,800
2016-08-09,135.000000,135.000000,134.580002,134.600006,134.600006,56300
2016-08-10,134.429993,134.679993,134.320007,134.320007,134.320007,800
2016-08-11,135.199997,135.199997,135.199997,135.199997,135.199997,700
2016-08-12,135.009995,135.009995,135.009995,135.009995,135.009995,300
2016-08-15,135.419998,135.419998,135.419998,135.419998,135.419998,600
2016-08-16,134.740005,134.750000,134.740005,134.750000,134.750000,900
2016-08-17,134.339996,134.860001,134.339996,134.860001,134.860001,1000
2016-08-18,134.820007,135.070007,134.779999,135.070007,135.070007,1500
2016-08-19,134.630005,134.919998,134.630005,134.919998,134.919998,2000
2016-08-22,134.910004,134.910004,134.910004,134.910004,134.910004,41700
2016-08-23,135.309998,135.309998,135.149994,135.210007,135.210007,1000
2016-08-24,134.529999,134.529999,134.529999,134.529999,134.529999,200
2016-08-25,134.410004,134.500000,134.410004,134.500000,134.500000,40400
2016-08-26,135.050003,135.139999,133.990005,134.320007,134.320007,1500
2016-08-29,134.949997,134.949997,134.850006,134.869995,134.869995,1200
2016-08-30,134.830002,134.830002,134.199997,134.199997,134.199997,700
2016-08-31,134.020004,134.089996,133.880005,133.889999,133.889999,2600
2016-09-01,133.750000,134.410004,133.750000,134.410004,134.410004,5300
2016-09-02,134.330002,134.779999,134.330002,134.600006,134.600006,6100
2016-09-06,135.020004,135.020004,134.660004,134.690002,134.690002,1900
2016-09-07,134.740005,134.839996,134.690002,134.740005,134.740005,9200
2016-09-08,134.740005,134.740005,134.740005,134.740005,134.740005,0
2016-09-09,134.039993,134.039993,133.910004,133.910004,133.910004,700
2016-09-12,133.190002,135.410004,133.190002,135.410004,135.410004,3500
2016-09-13,133.839996,133.979996,133.839996,133.940002,133.940002,1700
2016-09-14,134.029999,134.039993,134.029999,134.039993,134.039993,800
2016-09-15,134.199997,134.610001,134.199997,134.610001,134.610001,700
2016-09-16,134.610001,134.610001,134.610001,134.610001,134.610001,0
2016-09-19,134.199997,134.199997,134.199997,134.199997,134.199997,400
2016-09-20,133.970001,134.289993,133.960007,134.289993,134.289993,1200
2016-09-21,131.559998,134.020004,131.559998,134.020004,134.020004,1000
2016-09-22,134.100006,134.419998,132.740005,134.419998,134.419998,1500
2016-09-23,133.770004,133.770004,133.720001,133.720001,133.720001,600
2016-09-26,134.009995,134.029999,133.789993,133.970001,133.970001,10600
2016-09-27,133.729996,133.729996,133.729996,133.729996,133.729996,400
2016-09-28,133.869995,134.240005,133.779999,134.240005,134.240005,1200
2016-09-29,134.100006,134.309998,134.089996,134.130005,134.130005,1900
2016-09-30,134.479996,134.479996,134.479996,134.479996,134.479996,500
2016-10-03,133.919998,134.059998,133.919998,134.059998,134.059998,700
2016-10-04,134.139999,134.139999,134.139999,134.139999,134.139999,400
2016-10-05,133.770004,133.899994,133.740005,133.759995,133.759995,3300
2016-10-06,133.470001,133.899994,133.429993,133.899994,133.899994,900
2016-10-07,133.460007,133.470001,133.460007,133.470001,133.470001,600
2016-10-10,134.259995,134.259995,134.259995,134.259995,134.259995,300
2016-10-11,133.389999,133.500000,132.339996,132.470001,132.470001,6900
2016-10-12,132.669998,132.770004,132.669998,132.770004,132.770004,600
2016-10-13,131.630005,132.690002,131.630005,132.539993,132.539993,1000
2016-10-14,132.759995,132.759995,132.240005,132.259995,132.259995,1500
2016-10-17,131.669998,131.770004,131.669998,131.770004,131.770004,700
2016-10-18,132.699997,132.699997,132.389999,132.389999,132.389999,1500
2016-10-19,132.210007,132.750000,132.210007,132.750000,132.750000,1600
2016-10-20,132.679993,132.679993,132.490005,132.630005,132.630005,1300
2016-10-21,132.169998,132.429993,132.169998,132.429993,132.429993,500
2016-10-24,133.039993,133.039993,132.839996,132.910004,132.910004,2200
2016-10-25,132.690002,132.690002,132.500000,132.500000,132.500000,700
2016-10-26,131.899994,132.130005,131.899994,132.130005,132.130005,1000
2016-10-27,132.130005,132.130005,131.940002,131.940002,131.940002,300
2016-10-28,131.830002,132.059998,131.830002,132.059998,132.059998,600
2016-10-31,131.960007,132.050003,131.779999,131.779999,131.779999,2700
2016-11-01,131.539993,131.539993,130.770004,130.800003,130.800003,400
2016-11-02,130.699997,130.830002,130.339996,130.410004,130.410004,4900
2016-11-03,130.240005,130.240005,130.240005,130.240005,130.240005,200
2016-11-04,130.070007,130.070007,129.990005,129.990005,129.990005,400
2016-11-07,131.259995,131.940002,131.259995,131.940002,131.940002,1000
2016-11-08,131.720001,132.639999,131.720001,132.630005,132.630005,1000
2016-11-09,132.289993,133.389999,132.199997,133.389999,133.389999,2500
2016-11-10,133.419998,134.279999,133.419998,133.850006,133.850006,2400
2016-11-11,133.619995,133.839996,133.289993,133.289993,133.289993,2200
2016-11-14,133.360001,133.639999,133.309998,133.309998,133.309998,1400
2016-11-15,133.289993,134.350006,133.289993,134.350006,134.350006,3200
2016-11-16,133.860001,134.199997,133.860001,134.149994,134.149994,2900
2016-11-17,134.399994,134.710007,134.229996,134.320007,134.320007,4300
2016-11-18,134.350006,134.350006,134.350006,134.350006,134.350006,400
2016-11-21,133.779999,134.149994,133.779999,134.149994,134.149994,700
2016-11-22,134.300003,134.699997,134.300003,134.699997,134.699997,2000
2016-11-23,134.009995,134.750000,134.009995,134.750000,134.750000,4000
2016-11-25,134.899994,134.899994,134.809998,134.899994,134.899994,500
2016-11-28,134.899994,134.940002,134.770004,134.839996,134.839996,1300
2016-11-29,134.300003,134.740005,134.300003,134.580002,134.580002,1600
2016-11-30,134.860001,134.860001,134.570007,134.570007,134.570007,900
2016-12-01,133.880005,134.029999,133.880005,134.029999,134.029999,900
2016-12-02,134.229996,134.229996,133.940002,133.940002,133.940002,900
2016-12-05,133.130005,134.979996,133.130005,134.949997,134.949997,1200
2016-12-06,134.770004,135.110001,134.770004,135.110001,135.110001,4500
2016-12-07,134.820007,136.529999,134.820007,136.479996,136.479996,2200
2016-12-08,136.990005,136.990005,136.990005,136.990005,136.990005,300
2016-12-09,136.899994,137.949997,136.899994,137.869995,137.869995,1800
2016-12-12,138.000000,138.029999,137.550003,137.649994,137.649994,3400
2016-12-13,138.500000,138.740005,138.500000,138.660004,138.660004,1600
2016-12-14,138.369995,138.509995,138.240005,138.419998,138.419998,2000
2016-12-15,137.490005,138.779999,137.490005,138.070007,138.070007,2400
2016-12-16,138.520004,138.550003,137.580002,138.259995,138.259995,16600
2016-12-19,138.070007,138.259995,138.070007,138.220001,138.220001,160200
2016-12-20,138.350006,138.610001,138.119995,138.240005,138.240005,1400
2016-12-21,138.289993,138.289993,137.960007,137.960007,137.960007,400
2016-12-22,137.600006,137.929993,137.429993,137.809998,137.809998,1300
2016-12-23,137.729996,137.729996,137.660004,137.660004,137.660004,4800
2016-12-27,138.309998,138.369995,138.279999,138.279999,138.279999,1800
2016-12-28,136.729996,136.729996,133.029999,133.520004,133.520004,2300
2016-12-29,137.190002,137.419998,137.100006,137.419998,137.419998,1400
2016-12-30,137.070007,137.070007,136.479996,136.619995,136.619995,5900
2017-01-03,137.830002,137.839996,136.990005,137.210007,137.210007,1500
2017-01-04,138.029999,138.190002,138.029999,138.179993,138.179993,1400
2017-01-05,137.990005,138.160004,137.919998,137.940002,137.940002,2000
2017-01-06,138.050003,138.589996,138.050003,138.589996,138.589996,69100
2017-01-09,138.210007,138.460007,138.190002,138.250000,138.250000,15800
2017-01-10,137.990005,138.410004,137.990005,138.399994,138.399994,8300
2017-01-11,138.000000,138.000000,138.000000,138.000000,138.000000,2200
2017-01-12,137.850006,137.850006,137.850006,137.850006,137.850006,300
2017-01-13,138.300003,138.490005,138.210007,138.330002,138.330002,4300
2017-01-17,137.970001,137.970001,137.899994,137.970001,137.970001,600
2017-01-18,137.710007,137.710007,137.699997,137.699997,137.699997,2100
2017-01-19,137.710007,137.830002,137.440002,137.440002,137.440002,600
2017-01-20,138.070007,138.070007,137.679993,137.679993,137.679993,4700
2017-01-23,137.449997,137.610001,137.240005,137.380005,137.380005,1300
2017-01-24,137.000000,138.309998,137.000000,138.309998,138.309998,1800
2017-01-25,139.119995,139.190002,139.119995,139.190002,139.190002,500
2017-01-26,139.339996,139.399994,139.160004,139.190002,139.190002,3600
2017-01-27,138.860001,138.860001,138.830002,138.860001,138.860001,800
2017-01-30,138.350006,138.429993,138.220001,138.429993,138.429993,1200
2017-01-31,137.759995,138.029999,137.759995,138.029999,138.029999,300
2017-02-01,138.289993,138.399994,138.059998,138.059998,138.059998,900
2017-02-02,138.250000,138.380005,138.089996,138.089996,138.089996,5700
2017-02-03,138.820007,139.080002,138.820007,139.080002,139.080002,800
2017-02-06,139.070007,139.070007,138.639999,138.669998,138.669998,4900
2017-02-07,138.850006,139.190002,138.779999,138.899994,138.899994,2900
2017-02-08,138.979996,138.979996,138.979996,138.979996,138.979996,300
2017-02-09,139.199997,139.580002,139.199997,139.580002,139.580002,300
2017-02-10,140.250000,140.320007,140.220001,140.309998,140.309998,1200
2017-02-13,140.710007,141.119995,140.710007,141.119995,141.119995,300
2017-02-14,141.119995,141.119995,141.119995,141.119995,141.119995,0
2017-02-15,141.300003,141.830002,141.250000,141.830002,141.830002,2200
2017-02-16,141.880005,141.889999,141.880005,141.889999,141.889999,600
2017-02-17,142.149994,142.149994,142.149994,142.149994,142.149994,600
2017-02-21,142.759995,142.919998,142.759995,142.919998,142.919998,700
2017-02-22,142.660004,143.229996,142.649994,142.990005,142.990005,1800
2017-02-23,142.960007,143.389999,142.699997,143.309998,143.309998,1500
2017-02-24,143.149994,143.149994,143.149994,143.149994,143.149994,200
2017-02-27,143.279999,143.320007,143.279999,143.320007,143.320007,800
2017-02-28,143.169998,143.190002,142.350006,142.350006,142.350006,8700
2017-03-01,144.589996,145.419998,144.570007,145.419998,145.419998,11300
2017-03-02,144.729996,144.820007,144.460007,144.460007,144.460007,500
2017-03-03,144.429993,144.589996,143.729996,144.229996,144.229996,5400
2017-03-06,143.589996,144.259995,143.589996,144.250000,144.250000,1800
2017-03-07,143.759995,143.759995,143.119995,143.119995,143.119995,7500
2017-03-08,143.240005,143.250000,143.240005,143.250000,143.250000,400
2017-03-09,143.330002,143.350006,142.990005,143.000000,143.000000,2700
2017-03-10,143.669998,143.669998,143.449997,143.639999,143.639999,3400
2017-03-13,143.270004,143.509995,143.270004,143.509995,143.509995,500
2017-03-14,143.509995,143.509995,143.509995,143.509995,143.509995,0
2017-03-15,143.419998,143.419998,143.419998,143.419998,143.419998,300
2017-03-16,143.779999,143.960007,143.779999,143.960007,143.960007,900
2017-03-17,144.009995,144.009995,143.289993,143.289993,143.289993,900
2017-03-20,143.500000,143.729996,143.500000,143.729996,143.729996,700
2017-03-21,143.039993,143.039993,141.789993,141.789993,141.789993,5300
2017-03-22,141.789993,141.789993,141.789993,141.789993,141.789993,0
2017-03-23,142.350006,142.350006,142.350006,142.350006,142.350006,88200
2017-03-24,142.460007,142.460007,141.979996,141.990005,141.990005,500
2017-03-27,141.270004,141.270004,141.270004,141.270004,141.270004,100
2017-03-28,141.559998,142.710007,141.559998,142.669998,142.669998,2000
2017-03-29,143.100006,143.100006,143.100006,143.100006,143.100006,300
2017-03-30,143.100006,143.100006,143.100006,143.100006,143.100006,0
2017-03-31,142.809998,142.979996,142.809998,142.979996,142.979996,670600
2017-04-03,142.559998,142.559998,142.080002,142.229996,142.229996,900
2017-04-04,142.660004,142.660004,142.660004,142.660004,142.660004,300
2017-04-05,143.660004,143.660004,143.500000,143.660004,143.660004,341100
2017-04-06,142.600006,143.020004,142.589996,142.589996,142.589996,800
2017-04-07,142.589996,142.589996,142.589996,142.589996,142.589996,180100
2017-04-10,142.589996,142.589996,142.589996,142.589996,142.589996,0
2017-04-11,142.520004,142.559998,142.339996,142.559998,142.559998,1400
2017-04-12,142.350006,142.369995,142.350006,142.369995,142.369995,200
2017-04-13,141.919998,141.919998,141.919998,141.919998,141.919998,100
2017-04-17,141.919998,141.919998,141.919998,141.919998,141.919998,0
2017-04-18,141.960007,142.179993,141.740005,142.070007,142.070007,3000
2017-04-19,142.190002,142.190002,142.190002,142.190002,142.190002,300
2017-04-20,142.910004,143.050003,142.899994,142.960007,142.960007,3300
2017-04-21,143.009995,143.009995,142.470001,142.490005,142.490005,1600
2017-04-24,142.490005,142.490005,142.490005,142.490005,142.490005,0
2017-04-25,142.839996,142.839996,142.839996,142.839996,142.839996,400
2017-04-26,143.259995,143.410004,142.869995,142.910004,142.910004,7000
2017-04-27,142.880005,142.880005,142.720001,142.720001,142.720001,400
2017-04-28,142.720001,142.720001,142.720001,142.720001,142.720001,0
2017-05-01,142.720001,142.990005,142.720001,142.990005,142.990005,600
2017-05-02,142.729996,142.729996,142.729996,142.729996,142.729996,300
2017-05-03,142.529999,142.589996,142.509995,142.509995,142.509995,900
2017-05-04,142.600006,142.600006,142.600006,142.600006,142.600006,200
2017-05-05,142.660004,142.660004,142.660004,142.660004,142.660004,200
2017-05-08,143.300003,143.300003,143.300003,143.300003,143.300003,200
2017-05-09,143.300003,143.600006,143.039993,143.080002,143.080002,211100
2017-05-10,143.139999,143.139999,143.020004,143.020004,143.020004,400
2017-05-11,143.020004,143.020004,143.020004,143.020004,143.020004,0
2017-05-12,142.570007,142.570007,142.550003,142.550003,142.550003,500
2017-05-15,143.000000,143.199997,142.770004,143.139999,143.139999,1600
2017-05-16,143.270004,143.270004,143.270004,143.270004,143.270004,100
2017-05-17,143.270004,143.270004,143.270004,143.270004,143.270004,0
2017-05-18,143.270004,143.270004,143.270004,143.270004,143.270004,0
2017-05-19,142.830002,142.830002,142.830002,142.830002,142.830002,500
2017-05-22,142.960007,142.960007,142.919998,142.919998,142.919998,1000
2017-05-23,143.300003,143.360001,143.110001,143.199997,143.199997,600
2017-05-24,143.360001,143.369995,143.350006,143.350006,143.350006,900
2017-05-25,144.070007,144.720001,144.070007,144.190002,144.190002,1100
2017-05-26,144.279999,144.279999,144.089996,144.089996,144.089996,300
2017-05-30,144.089996,144.089996,144.089996,144.089996,144.089996,0
2017-05-31,143.669998,143.669998,143.660004,143.660004,143.660004,300
2017-06-01,144.410004,144.470001,144.410004,144.470001,144.470001,2000
2017-06-02,144.850006,145.270004,144.850006,145.270004,145.270004,3400
2017-06-05,145.360001,145.580002,145.360001,145.360001,145.360001,600
2017-06-06,145.139999,145.580002,145.050003,145.050003,145.050003,2800
2017-06-07,145.399994,145.399994,145.399994,145.399994,145.399994,400
2017-06-08,145.039993,145.039993,145.039993,145.039993,145.039993,300
2017-06-09,145.050003,145.050003,145.050003,145.050003,145.050003,400
2017-06-12,144.740005,144.860001,144.630005,144.789993,144.789993,2900
2017-06-13,145.729996,145.729996,145.729996,145.729996,145.729996,300
2017-06-14,145.360001,145.610001,145.279999,145.289993,145.289993,1400
2017-06-15,144.800003,144.800003,144.800003,144.800003,144.800003,200
2017-06-16,145.070007,145.070007,144.899994,144.899994,144.899994,400
2017-06-19,145.940002,145.970001,145.759995,145.970001,145.970001,800
2017-06-20,145.970001,145.970001,145.970001,145.970001,145.970001,0
2017-06-21,145.500000,145.500000,145.259995,145.259995,145.259995,100
2017-06-22,145.729996,145.729996,145.729996,145.729996,145.729996,100
2017-06-23,145.300003,145.300003,145.300003,145.300003,145.300003,600
2017-06-26,145.500000,145.500000,145.500000,145.500000,145.500000,400
2017-06-27,145.500000,145.500000,145.500000,145.500000,145.500000,0
2017-06-28,145.500000,145.699997,145.500000,145.699997,145.699997,300
2017-06-29,145.699997,145.699997,145.699997,145.699997,145.699997,0
2017-06-30,144.639999,144.800003,144.639999,144.800003,144.800003,500
2017-07-03,144.800003,144.800003,144.800003,144.800003,144.800003,0
2017-07-05,144.800003,144.800003,144.800003,144.800003,144.800003,0
2017-07-06,144.809998,144.809998,144.100006,144.100006,144.100006,800
2017-07-07,144.839996,145.020004,144.649994,145.020004,145.020004,3400
2017-07-10,144.929993,144.929993,144.929993,144.929993,144.929993,200
2017-07-11,144.929993,144.929993,144.929993,144.929993,144.929993,0
2017-07-12,144.860001,146.039993,144.850006,146.039993,146.039993,1700
2017-07-13,145.970001,145.970001,145.899994,145.899994,145.899994,500
2017-07-14,146.190002,146.190002,146.190002,146.190002,146.190002,800
2017-07-17,146.190002,146.190002,146.190002,146.190002,146.190002,0
2017-07-18,146.190002,146.190002,146.190002,146.190002,146.190002,0
2017-07-19,147.039993,147.039993,147.039993,147.039993,147.039993,300
2017-07-20,147.169998,147.169998,147.169998,147.169998,147.169998,700
2017-07-21,146.619995,147.000000,146.619995,147.000000,147.000000,900
2017-07-24,147.220001,147.220001,146.779999,146.779999,146.779999,400
2017-07-25,147.429993,147.429993,147.429993,147.429993,147.429993,200
2017-07-26,147.240005,147.240005,147.229996,147.229996,147.229996,1100
2017-07-27,147.220001,147.220001,146.820007,146.990005,146.990005,900
2017-07-28,147.100006,147.100006,147.100006,147.100006,147.100006,200
2017-07-31,147.100006,147.100006,147.100006,147.100006,147.100006,100
2017-08-01,147.039993,147.600006,147.039993,147.600006,147.600006,500
2017-08-02,146.789993,147.070007,146.789993,147.070007,147.070007,300
2017-08-03,147.070007,147.070007,147.070007,147.070007,147.070007,100
2017-08-04,147.470001,147.470001,147.470001,147.470001,147.470001,100
2017-08-07,147.470001,147.470001,147.470001,147.470001,147.470001,0
2017-08-08,147.470001,147.470001,147.470001,147.470001,147.470001,500
2017-08-09,146.960007,147.000000,146.839996,146.839996,146.839996,5300
2017-08-10,146.070007,146.070007,146.070007,146.070007,146.070007,300
2017-08-11,146.100006,146.320007,146.100006,146.100006,146.100006,2700
2017-08-14,147.000000,147.000000,147.000000,147.000000,147.000000,300
2017-08-15,147.000000,147.000000,147.000000,147.000000,147.000000,0
2017-08-16,147.000000,147.000000,147.000000,147.000000,147.000000,0
2017-08-17,147.660004,147.880005,147.660004,147.880005,147.880005,1000
2017-08-18,147.520004,147.520004,147.520004,147.520004,147.520004,200
2017-08-21,147.520004,147.520004,147.520004,147.520004,147.520004,0
2017-08-22,146.600006,146.830002,146.600006,146.800003,146.800003,1000
2017-08-23,146.550003,146.610001,146.550003,146.610001,146.610001,600
2017-08-24,146.979996,146.979996,146.979996,146.979996,146.979996,300
2017-08-25,146.979996,146.979996,146.979996,146.979996,146.979996,0
2017-08-28,146.979996,146.979996,146.979996,146.979996,146.979996,0
2017-08-29,146.529999,146.529999,146.529999,146.529999,146.529999,500
2017-08-30,147.669998,147.669998,147.660004,147.660004,147.660004,200
2017-08-31,147.809998,147.899994,147.809998,147.899994,147.899994,5700
2017-09-01,148.550003,148.550003,148.550003,148.550003,148.550003,400
2017-09-05,147.229996,147.229996,146.880005,147.000000,147.000000,2100
2017-09-06,147.800003,147.800003,147.800003,147.800003,147.800003,100
2017-09-07,148.039993,148.039993,147.559998,147.559998,147.559998,300
2017-09-08,147.559998,147.559998,147.559998,147.559998,147.559998,0
2017-09-11,147.559998,147.559998,147.559998,147.559998,147.559998,0
2017-09-12,148.690002,149.169998,148.690002,149.169998,149.169998,700
2017-09-13,149.059998,149.059998,149.059998,149.059998,149.059998,1100
2017-09-14,149.059998,149.059998,149.059998,149.059998,149.059998,0
2017-09-15,149.059998,149.059998,149.059998,149.059998,149.059998,0
2017-09-18,149.490005,149.800003,149.490005,149.800003,149.800003,10300
2017-09-19,149.880005,149.880005,149.800003,149.800003,149.800003,1300
2017-09-20,149.529999,149.570007,149.529999,149.570007,149.570007,400
2017-09-21,149.380005,149.820007,149.380005,149.820007,149.820007,1300
2017-09-22,149.820007,149.820007,149.820007,149.820007,149.820007,0
2017-09-25,149.820007,149.820007,149.820007,149.820007,149.820007,0
2017-09-26,149.820007,149.820007,149.820007,149.820007,149.820007,0
2017-09-27,149.350006,149.639999,149.350006,149.639999,149.639999,300
2017-09-28,149.369995,149.839996,149.369995,149.710007,149.710007,800
2017-09-29,149.639999,150.210007,149.639999,150.130005,150.130005,800
2017-10-02,150.130005,150.130005,150.130005,150.130005,150.130005,0
2017-10-03,151.100006,151.100006,151.100006,151.100006,151.100006,300
2017-10-04,151.509995,151.509995,151.149994,151.149994,151.149994,400
2017-10-05,151.839996,151.839996,151.839996,151.839996,151.839996,400
2017-10-06,152.050003,152.050003,152.050003,152.050003,152.050003,200
2017-10-09,152.050003,152.050003,152.050003,152.050003,152.050003,0
2017-10-10,152.350006,152.350006,152.350006,152.350006,152.350006,200
2017-10-11,151.559998,152.529999,151.559998,152.080002,152.080002,600
2017-10-12,151.830002,151.830002,151.830002,151.830002,151.830002,400
2017-10-13,152.039993,152.179993,151.860001,151.860001,151.860001,800
2017-10-16,151.860001,151.860001,151.860001,151.860001,151.860001,0
2017-10-17,151.639999,151.639999,151.639999,151.639999,151.639999,300
2017-10-18,151.929993,151.929993,151.919998,151.919998,151.919998,400
2017-10-19,151.960007,152.169998,151.960007,152.169998,152.169998,600
2017-10-20,152.169998,152.169998,152.169998,152.169998,152.169998,0
2017-10-23,153.020004,153.020004,153.020004,153.020004,153.020004,300
2017-10-24,153.300003,153.300003,152.610001,152.940002,152.940002,1100
2017-10-25,152.940002,152.940002,152.940002,152.940002,152.940002,0
2017-10-26,152.289993,152.520004,152.289993,152.520004,152.520004,2200
2017-10-27,153.190002,153.250000,153.059998,153.070007,153.070007,2500
2017-10-30,152.080002,152.080002,151.889999,151.889999,151.889999,500
2017-10-31,151.889999,151.889999,151.889999,151.889999,151.889999,0
2017-11-01,152.550003,152.779999,152.550003,152.710007,152.710007,900
2017-11-02,152.880005,152.880005,152.360001,152.360001,152.360001,500
2017-11-03,152.360001,152.360001,152.360001,152.360001,152.360001,0
2017-11-06,152.360001,152.360001,152.360001,152.360001,152.360001,0
2017-11-07,153.350006,153.350006,153.350006,153.350006,153.350006,200
2017-11-08,152.380005,152.380005,152.380005,152.380005,152.380005,500
2017-11-09,152.669998,152.669998,152.380005,152.380005,152.380005,400
2017-11-10,152.699997,152.800003,152.669998,152.729996,152.729996,3100
2017-11-13,152.869995,152.869995,152.869995,152.869995,152.869995,300
2017-11-14,152.869995,152.869995,152.869995,152.869995,152.869995,0
2017-11-15,151.729996,152.330002,151.729996,152.149994,152.149994,500
2017-11-16,152.149994,152.149994,152.149994,152.149994,152.149994,0
2017-11-17,152.679993,152.679993,152.679993,152.679993,152.679993,400
2017-11-20,152.679993,152.679993,152.679993,152.679993,152.679993,200
2017-11-21,152.679993,152.679993,152.679993,152.679993,152.679993,0
2017-11-22,152.679993,152.679993,152.679993,152.679993,152.679993,0
2017-11-24,152.679993,152.679993,152.679993,152.679993,152.679993,0
2017-11-27,153.679993,153.679993,153.679993,153.679993,153.679993,400
2017-11-28,154.539993,155.080002,154.539993,155.080002,155.080002,800
2017-11-29,155.429993,155.429993,155.429993,155.429993,155.429993,3200
2017-11-30,156.490005,157.169998,156.490005,156.570007,156.570007,900
2017-12-01,155.320007,156.070007,155.320007,156.070007,156.070007,700
2017-12-04,156.940002,156.940002,156.339996,156.339996,156.339996,500
2017-12-05,155.839996,155.839996,155.839996,155.839996,155.839996,300
2017-12-06,155.839996,155.839996,155.839996,155.839996,155.839996,0
2017-12-07,155.830002,155.899994,155.669998,155.669998,155.669998,800
2017-12-08,155.669998,155.669998,155.669998,155.669998,155.669998,0
2017-12-11,156.910004,156.929993,156.789993,156.929993,156.929993,1200
2017-12-12,157.759995,157.759995,157.139999,157.339996,157.339996,1500
2017-12-13,157.339996,157.339996,157.339996,157.339996,157.339996,0
2017-12-14,157.339996,157.339996,157.339996,157.339996,157.339996,0
2017-12-15,157.389999,157.860001,157.389999,157.860001,157.860001,700
2017-12-18,158.660004,158.660004,158.660004,158.660004,158.660004,300
2017-12-19,158.660004,158.660004,158.660004,158.660004,158.660004,0
2017-12-20,158.660004,158.660004,158.660004,158.660004,158.660004,200
2017-12-21,158.660004,158.660004,158.660004,158.660004,158.660004,0
2017-12-22,158.660004,158.660004,158.660004,158.660004,158.660004,0
2017-12-26,158.320007,158.320007,158.250000,158.250000,158.250000,187000
2017-12-27,158.309998,158.309998,158.309998,158.309998,158.309998,300
2017-12-28,158.309998,158.309998,158.309998,158.309998,158.309998,0
2017-12-29,158.309998,158.309998,158.309998,158.309998,158.309998,0
2018-01-02,158.399994,158.399994,158.350006,158.350006,158.350006,10800
2018-01-03,159.470001,159.470001,159.470001,159.470001,159.470001,300
2018-01-04,159.470001,159.470001,159.470001,159.470001,159.470001,0
2018-01-05,160.669998,161.259995,160.669998,161.259995,161.259995,600
2018-01-08,161.529999,161.529999,161.449997,161.449997,161.449997,200
2018-01-09,161.529999,162.149994,161.529999,162.149994,162.149994,186400
2018-01-10,161.789993,161.789993,161.470001,161.470001,161.470001,200
2018-01-11,162.839996,162.839996,162.610001,162.649994,162.649994,1100
2018-01-12,163.869995,163.889999,163.800003,163.889999,163.889999,400
2018-01-16,164.789993,164.789993,163.520004,163.520004,163.520004,600
2018-01-17,164.779999,164.779999,164.779999,164.779999,164.779999,300
2018-01-18,164.779999,164.779999,164.779999,164.779999,164.779999,0
2018-01-19,164.779999,164.779999,164.779999,164.779999,164.779999,0
2018-01-22,166.000000,166.440002,166.000000,166.440002,166.440002,200
2018-01-23,167.460007,167.460007,167.460007,167.460007,167.460007,300
2018-01-24,167.470001,167.559998,167.470001,167.559998,167.559998,400
2018-01-25,166.779999,166.779999,166.779999,166.779999,166.779999,300
2018-01-26,168.330002,168.339996,168.330002,168.339996,168.339996,400
2018-01-29,168.339996,168.339996,168.339996,168.339996,168.339996,0
2018-01-30,168.339996,168.339996,168.339996,168.339996,168.339996,0
2018-01-31,166.449997,167.059998,166.449997,167.050003,167.050003,6800
2018-02-01,166.649994,166.649994,166.100006,166.100006,166.100006,400
2018-02-02,165.940002,165.940002,165.789993,165.789993,165.789993,500
2018-02-05,165.789993,165.789993,164.529999,165.000000,165.000000,9500
2018-02-06,173.880005,176.410004,173.630005,175.589996,175.589996,12000
2018-02-07,172.860001,181.889999,169.699997,181.889999,181.889999,6800
2018-02-08,174.990005,174.990005,172.479996,172.990005,172.990005,2800
2018-02-09,171.750000,171.750000,169.990005,169.990005,169.990005,1500
2018-02-12,173.220001,173.220001,172.850006,172.850006,172.850006,500
2018-02-13,173.210007,173.690002,173.210007,173.399994,173.399994,600
2018-02-14,171.559998,171.559998,170.630005,170.630005,170.630005,3000
2018-02-15,170.169998,171.039993,169.750000,171.000000,171.000000,1100
2018-02-16,171.179993,171.179993,171.179993,171.179993,171.179993,400
2018-02-20,172.160004,172.949997,172.160004,172.800003,172.800003,2300
2018-02-21,171.960007,171.960007,171.539993,171.729996,171.729996,600
2018-02-22,171.809998,171.809998,171.809998,171.809998,171.809998,500
2018-02-23,170.759995,170.960007,170.759995,170.940002,170.940002,1300
2018-02-26,170.940002,170.940002,170.940002,170.940002,170.940002,0
2018-02-27,173.039993,173.339996,172.699997,173.259995,173.259995,4300
2018-02-28,173.199997,173.199997,173.199997,173.199997,173.199997,700
2018-03-01,172.199997,172.649994,171.800003,171.800003,171.800003,1000
2018-03-02,172.970001,172.970001,172.000000,172.000000,172.000000,1400
2018-03-05,172.000000,172.279999,172.000000,172.279999,172.279999,400
2018-03-06,171.250000,174.199997,171.250000,174.199997,174.199997,2400
2018-03-07,174.199997,174.199997,174.199997,174.199997,174.199997,0
2018-03-08,173.309998,173.309998,173.300003,173.300003,173.300003,1500
2018-03-09,173.720001,174.869995,173.720001,174.869995,174.869995,800
2018-03-12,173.460007,174.009995,173.410004,174.009995,174.009995,1400
2018-03-13,173.860001,174.050003,173.860001,174.050003,174.050003,400
2018-03-14,174.050003,174.050003,174.050003,174.050003,174.050003,0
2018-03-15,175.940002,175.940002,173.990005,173.990005,173.990005,600
2018-03-16,173.250000,173.750000,173.250000,173.250000,173.250000,700
2018-03-19,173.250000,173.250000,173.250000,173.250000,173.250000,0
2018-03-20,173.250000,173.250000,173.250000,173.250000,173.250000,0
2018-03-21,170.990005,172.000000,170.990005,172.000000,172.000000,700
2018-03-22,169.320007,169.320007,168.899994,169.039993,169.039993,900
2018-03-23,166.130005,166.130005,165.309998,165.309998,165.309998,600
2018-03-26,164.320007,164.320007,164.320007,164.320007,164.320007,200
2018-03-27,163.929993,163.940002,163.929993,163.940002,163.940002,800
2018-03-28,163.940002,163.940002,163.940002,163.940002,163.940002,0
2018-03-29,163.940002,163.940002,163.940002,163.940002,163.940002,0
2018-04-02,163.940002,164.149994,163.899994,164.149994,164.149994,3300
2018-04-03,164.149994,164.149994,164.149994,164.149994,164.149994,0
2018-04-04,165.000000,166.289993,165.000000,166.289993,166.289993,1800
2018-04-05,166.350006,166.350006,166.350006,166.350006,166.350006,400
2018-04-06,166.820007,166.820007,166.820007,166.820007,166.820007,1200
2018-04-09,166.820007,166.820007,166.820007,166.820007,166.820007,0
2018-04-10,166.820007,166.820007,166.820007,166.820007,166.820007,0
2018-04-11,166.000000,166.000000,166.000000,166.000000,166.000000,900
2018-04-12,166.509995,166.509995,166.509995,166.509995,166.509995,200
2018-04-13,164.679993,164.679993,164.660004,164.660004,164.660004,500
2018-04-16,163.270004,163.740005,162.770004,163.649994,163.649994,3100
2018-04-17,163.649994,163.649994,163.649994,163.649994,163.649994,0
2018-04-18,163.779999,163.779999,163.779999,163.779999,163.779999,300
2018-04-19,163.779999,163.779999,163.779999,163.779999,163.779999,0
2018-04-20,163.779999,163.779999,163.779999,163.779999,163.779999,0
2018-04-23,163.779999,163.779999,163.779999,163.779999,163.779999,0
2018-04-24,163.779999,163.779999,163.779999,163.779999,163.779999,0
2018-04-25,161.360001,162.350006,161.360001,162.350006,162.350006,600
2018-04-26,155.029999,155.029999,155.029999,155.029999,155.029999,300
2018-04-27,160.110001,160.119995,160.110001,160.119995,160.119995,300
2018-04-30,160.979996,161.190002,160.970001,160.970001,160.970001,700
2018-05-01,160.970001,160.970001,160.970001,160.970001,160.970001,0
2018-05-02,160.970001,160.970001,160.970001,160.970001,160.970001,0
2018-05-03,160.970001,160.970001,160.970001,160.970001,160.970001,0
2018-05-04,161.250000,161.270004,161.250000,161.270004,161.270004,600
2018-05-07,162.250000,162.250000,162.250000,162.250000,162.250000,500
2018-05-08,162.250000,162.250000,162.250000,162.250000,162.250000,81500
2018-05-09,162.250000,162.250000,162.250000,162.250000,162.250000,0
2018-05-10,162.250000,162.250000,162.250000,162.250000,162.250000,0
2018-05-11,164.169998,164.619995,164.169998,164.619995,164.619995,400
2018-05-14,164.619995,164.619995,164.619995,164.619995,164.619995,0
2018-05-15,164.619995,164.619995,164.619995,164.619995,164.619995,0
2018-05-16,164.619995,164.619995,164.619995,164.619995,164.619995,0
2018-05-17,165.220001,165.220001,164.869995,164.869995,164.869995,1200
2018-05-18,164.589996,164.589996,164.589996,164.589996,164.589996,200
2018-05-21,165.800003,166.429993,165.789993,166.429993,166.429993,500
2018-05-22,166.429993,166.429993,166.429993,166.429993,166.429993,0
2018-05-23,166.429993,166.429993,166.429993,166.429993,166.429993,0
2018-05-24,164.000000,164.000000,164.000000,164.000000,164.000000,300
2018-05-25,164.000000,164.000000,164.000000,164.000000,164.000000,0
2018-05-29,163.889999,163.889999,162.779999,162.779999,162.779999,500
2018-05-30,164.990005,165.009995,164.979996,165.000000,165.000000,600
2018-05-31,165.000000,165.000000,165.000000,165.000000,165.000000,0
2018-06-01,165.000000,165.000000,165.000000,165.000000,165.000000,0
2018-06-04,165.000000,165.000000,165.000000,165.000000,165.000000,0
2018-06-05,165.000000,165.000000,165.000000,165.000000,165.000000,0
2018-06-06,165.000000,165.000000,165.000000,165.000000,165.000000,0
2018-06-07,165.000000,165.000000,165.000000,165.000000,165.000000,0
2018-06-08,165.000000,165.000000,165.000000,165.000000,165.000000,0
2018-06-11,165.000000,165.000000,165.000000,165.000000,165.000000,0
2018-06-12,165.000000,165.000000,165.000000,165.000000,165.000000,0
2018-06-13,165.419998,165.929993,165.419998,165.929993,165.929993,1100
2018-06-14,165.679993,165.679993,165.020004,165.660004,165.660004,1900
2018-06-15,165.660004,165.660004,165.660004,165.660004,165.660004,0
2018-06-18,165.649994,165.649994,165.649994,165.649994,165.649994,100
2018-06-19,164.990005,165.710007,164.990005,165.710007,165.710007,1100
2018-06-20,165.710007,165.710007,165.710007,165.710007,165.710007,0
2018-06-21,165.380005,165.380005,165.380005,165.380005,165.380005,200
2018-06-22,165.380005,165.380005,165.380005,165.380005,165.380005,0
2018-06-25,162.720001,162.720001,162.720001,162.720001,162.720001,200
2018-06-26,162.110001,162.110001,162.110001,162.110001,162.110001,900
2018-06-27,162.110001,162.110001,162.110001,162.110001,162.110001,0
2018-06-28,163.059998,163.059998,163.059998,163.059998,163.059998,300
2018-06-29,163.059998,163.059998,163.059998,163.059998,163.059998,0
2018-07-02,163.250000,163.250000,162.759995,162.759995,162.759995,300
2018-07-03,162.759995,162.759995,162.759995,162.759995,162.759995,0
2018-07-05,162.789993,162.789993,162.789993,162.789993,162.789993,100
2018-07-06,162.789993,162.789993,162.789993,162.789993,162.789993,0
2018-07-09,162.789993,162.789993,162.789993,162.789993,162.789993,0
2018-07-10,162.789993,162.789993,162.789993,162.789993,162.789993,0
2018-07-11,165.100006,165.399994,165.070007,165.399994,165.399994,1700
2018-07-12,165.399994,165.399994,165.399994,165.399994,165.399994,0
2018-07-13,165.399994,165.399994,165.399994,165.399994,165.399994,0
2018-07-16,166.860001,166.860001,166.369995,166.369995,166.369995,300
2018-07-17,166.470001,167.050003,166.470001,167.050003,167.050003,300
2018-07-18,166.860001,166.860001,166.860001,166.860001,166.860001,100
2018-07-19,168.080002,168.080002,168.080002,168.080002,168.080002,100
2018-07-20,168.080002,168.080002,168.080002,168.080002,168.080002,0
2018-07-23,167.279999,167.279999,167.279999,167.279999,167.279999,300
2018-07-24,167.279999,167.279999,167.279999,167.279999,167.279999,0
2018-07-25,167.279999,167.279999,167.279999,167.279999,167.279999,0
2018-07-26,167.279999,167.279999,167.279999,167.279999,167.279999,0
2018-07-27,167.279999,167.279999,167.279999,167.279999,167.279999,0
2018-07-30,167.279999,167.279999,167.279999,167.279999,167.279999,0
2018-07-31,167.279999,167.279999,167.279999,167.279999,167.279999,0
2018-08-01,167.279999,167.279999,167.279999,167.279999,167.279999,0
2018-08-02,167.279999,167.279999,167.279999,167.279999,167.279999,0
2018-08-03,167.279999,167.279999,167.279999,167.279999,167.279999,0
2018-08-06,166.740005,166.740005,166.740005,166.740005,166.740005,300
2018-08-07,166.740005,166.740005,166.740005,166.740005,166.740005,0
2018-08-08,169.410004,169.500000,169.250000,169.500000,169.500000,500
2018-08-09,170.039993,170.039993,161.570007,167.009995,167.009995,13100
2018-08-10,168.500000,168.500000,168.500000,168.500000,168.500000,100
2018-08-13,169.100006,169.100006,169.000000,169.000000,169.000000,200
2018-08-14,168.380005,168.380005,168.190002,168.190002,168.190002,300
2018-08-15,167.929993,167.929993,167.419998,167.440002,167.440002,500
2018-08-16,167.440002,167.440002,167.440002,167.440002,167.440002,0
2018-08-17,167.440002,167.440002,167.440002,167.440002,167.440002,0
2018-08-20,169.309998,169.309998,169.089996,169.089996,169.089996,1500
2018-08-21,169.089996,169.089996,169.089996,169.089996,169.089996,0
2018-08-22,170.029999,170.029999,170.029999,170.029999,170.029999,100
2018-08-23,168.270004,171.570007,168.270004,169.449997,169.449997,1600
2018-08-24,169.449997,169.449997,169.449997,169.449997,169.449997,0
2018-08-27,171.330002,171.330002,171.000000,171.009995,171.009995,1600
2018-08-28,172.179993,172.179993,171.839996,171.970001,171.970001,1500
2018-08-29,172.580002,172.580002,172.169998,172.570007,172.570007,1100
2018-08-30,173.000000,173.000000,173.000000,173.000000,173.000000,200
2018-08-31,173.000000,173.000000,173.000000,173.000000,173.000000,0
2018-09-04,173.000000,173.000000,173.000000,173.000000,173.000000,300
2018-09-05,173.000000,173.000000,173.000000,173.000000,173.000000,0
2018-09-06,173.000000,173.000000,173.000000,173.000000,173.000000,0
2018-09-07,173.000000,173.000000,173.000000,173.000000,173.000000,0
2018-09-10,173.000000,173.000000,173.000000,173.000000,173.000000,0
2018-09-11,171.220001,171.220001,171.220001,171.220001,171.220001,100
2018-09-12,171.220001,171.220001,171.220001,171.220001,171.220001,0
2018-09-13,171.779999,171.779999,171.779999,171.779999,171.779999,100
2018-09-14,172.899994,172.899994,172.899994,172.899994,172.899994,1000
2018-09-17,172.899994,172.899994,172.899994,172.899994,172.899994,0
2018-09-18,172.899994,172.899994,172.899994,172.899994,172.899994,0
2018-09-19,172.899994,172.899994,172.899994,172.899994,172.899994,0
2018-09-20,173.000000,173.000000,173.000000,173.000000,173.000000,200
2018-09-21,173.000000,173.000000,173.000000,173.000000,173.000000,0
2018-09-24,173.000000,173.000000,173.000000,173.000000,173.000000,0
2018-09-25,173.000000,173.000000,173.000000,173.000000,173.000000,0
2018-09-26,173.000000,173.000000,173.000000,173.000000,173.000000,0
2018-09-27,173.000000,173.000000,173.000000,173.000000,173.000000,0
2018-09-28,173.000000,173.000000,173.000000,173.000000,173.000000,200
2018-10-01,170.839996,170.839996,170.839996,170.839996,170.839996,100
2018-10-02,170.839996,170.839996,170.839996,170.839996,170.839996,0
2018-10-03,170.839996,170.839996,170.839996,170.839996,170.839996,0
2018-10-04,172.320007,172.350006,172.320007,172.350006,172.350006,300
2018-10-05,171.309998,171.309998,171.309998,171.309998,171.309998,200
2018-10-08,171.500000,171.500000,171.500000,171.500000,171.500000,300
2018-10-09,170.929993,171.669998,170.929993,171.229996,171.229996,1100
2018-10-10,170.369995,170.410004,168.339996,168.339996,168.339996,2600
2018-10-11,163.470001,163.470001,163.470001,163.470001,163.470001,400
2018-10-12,164.020004,164.020004,164.020004,164.020004,164.020004,400
2018-10-15,164.020004,164.020004,164.020004,164.020004,164.020004,0
2018-10-16,163.270004,163.270004,163.270004,163.270004,163.270004,300
2018-10-17,162.990005,162.990005,162.990005,162.990005,162.990005,700
2018-10-18,163.000000,163.000000,163.000000,163.000000,163.000000,500
2018-10-19,163.000000,163.000000,163.000000,163.000000,163.000000,0
2018-10-22,164.350006,164.380005,163.699997,163.699997,163.699997,6400
2018-10-23,162.860001,162.860001,162.600006,162.600006,162.600006,1200
2018-10-24,162.600006,162.600006,162.600006,162.600006,162.600006,100
2018-10-25,161.910004,163.059998,161.910004,163.059998,163.059998,500
2018-10-26,163.059998,163.059998,163.059998,163.059998,163.059998,100
2018-10-29,163.059998,163.059998,163.059998,163.059998,163.059998,0
2018-10-30,161.529999,162.339996,161.529999,162.339996,162.339996,700
2018-10-31,163.100006,163.100006,163.100006,163.100006,163.100006,100
2018-11-01,163.100006,163.100006,163.100006,163.100006,163.100006,100
2018-11-02,163.100006,163.100006,163.100006,163.100006,163.100006,100
2018-11-05,163.100006,163.100006,163.100006,163.100006,163.100006,0
2018-11-06,163.100006,163.100006,163.100006,163.100006,163.100006,100
2018-11-07,162.080002,162.080002,162.050003,162.050003,162.050003,700
2018-11-08,161.320007,161.320007,161.320007,161.320007,161.320007,100
2018-11-09,161.320007,161.320007,161.320007,161.320007,161.320007,100
2018-11-12,160.619995,160.789993,160.259995,160.789993,160.789993,3400
2018-11-13,160.789993,160.789993,160.789993,160.789993,160.789993,100
2018-11-14,160.190002,160.190002,160.110001,160.110001,160.110001,800
2018-11-15,159.979996,161.100006,159.660004,161.100006,161.100006,5200
2018-11-16,161.100006,161.100006,161.100006,161.100006,161.100006,0
2018-11-19,161.100006,161.100006,161.100006,161.100006,161.100006,100
2018-11-20,157.699997,159.210007,157.699997,159.190002,159.190002,1400
2018-11-21,159.000000,159.000000,159.000000,159.000000,159.000000,500
2018-11-23,157.490005,157.520004,157.490005,157.520004,157.520004,200
2018-11-26,158.470001,158.729996,158.000000,158.710007,158.710007,1600
2018-11-27,158.710007,158.710007,158.710007,158.710007,158.710007,0
2018-11-28,160.009995,160.009995,160.009995,160.009995,160.009995,200
2018-11-29,161.119995,161.119995,161.119995,161.119995,161.119995,100
2018-11-30,160.039993,161.850006,160.039993,161.850006,161.850006,5800
2018-12-03,161.850006,161.850006,161.850006,161.850006,161.850006,100
2018-12-04,161.850006,161.850006,161.850006,161.850006,161.850006,100
2018-12-06,161.850006,161.850006,161.850006,161.850006,161.850006,100
2018-12-07,161.850006,161.850006,161.850006,161.850006,161.850006,100
2018-12-10,159.699997,159.699997,159.389999,159.389999,159.389999,100
2018-12-11,159.309998,159.800003,159.300003,159.800003,159.800003,4800
2018-12-12,161.000000,161.000000,160.229996,160.300003,160.300003,200
2018-12-13,160.080002,160.080002,160.080002,160.080002,160.080002,100
2018-12-14,158.380005,158.380005,158.380005,158.380005,158.380005,100
2018-12-17,157.399994,157.399994,155.949997,155.949997,155.949997,500
2018-12-18,156.339996,156.750000,156.339996,156.750000,156.750000,100
2018-12-19,156.839996,156.839996,154.539993,154.539993,154.539993,70100
2018-12-20,153.399994,153.669998,153.399994,153.669998,153.669998,600
2018-12-21,152.880005,152.880005,152.880005,152.880005,152.880005,300
2018-12-24,152.960007,152.960007,152.960007,152.960007,152.960007,100
2018-12-26,154.229996,154.229996,153.029999,153.850006,153.850006,1200
2018-12-27,153.440002,154.860001,153.320007,154.860001,154.860001,800
2018-12-28,154.960007,154.970001,154.960007,154.970001,154.970001,200
2018-12-31,154.440002,154.440002,154.440002,154.440002,154.440002,100
2019-01-02,154.429993,154.429993,152.970001,153.789993,153.789993,400
2019-01-03,152.750000,152.750000,152.500000,152.500000,152.500000,200
2019-01-04,153.460007,153.460007,153.460007,153.460007,153.460007,100
2019-01-07,153.000000,153.229996,153.000000,153.229996,153.229996,400
2019-01-08,153.089996,153.639999,153.089996,153.639999,153.639999,70200
2019-01-09,154.100006,154.100006,154.100006,154.100006,154.100006,100
2019-01-10,154.070007,154.070007,154.070007,154.070007,154.070007,200
2019-01-11,153.779999,153.779999,153.779999,153.779999,153.779999,100
2019-01-14,152.610001,153.559998,152.610001,153.559998,153.559998,1100
2019-01-15,153.039993,153.619995,153.000000,153.619995,153.619995,800
2019-01-16,154.300003,154.300003,152.880005,153.669998,153.669998,600
2019-01-17,154.410004,155.059998,154.410004,155.059998,155.059998,600
2019-01-18,155.009995,155.470001,155.009995,155.470001,155.470001,200
2019-01-22,154.279999,154.600006,154.279999,154.600006,154.600006,100
2019-01-23,155.580002,155.580002,155.580002,155.580002,155.580002,100
2019-01-24,154.750000,155.509995,154.720001,155.509995,155.509995,300
2019-01-25,156.029999,156.029999,156.029999,156.029999,156.029999,100
2019-01-28,154.710007,155.059998,154.710007,155.059998,155.059998,400
2019-01-29,154.639999,154.639999,154.639999,154.639999,154.639999,100
2019-01-30,156.339996,156.339996,156.339996,156.339996,156.339996,100
2019-01-31,156.279999,158.149994,156.279999,157.199997,157.199997,5200
2019-02-01,158.059998,158.059998,157.429993,157.429993,157.429993,300
2019-02-04,157.809998,157.809998,157.809998,157.809998,157.809998,200
2019-02-05,157.550003,159.850006,157.550003,159.850006,159.850006,1100
2019-02-06,159.070007,159.070007,159.070007,159.070007,159.070007,100
2019-02-07,157.029999,157.860001,157.029999,157.860001,157.860001,100
2019-02-08,156.919998,157.179993,156.919998,157.179993,157.179993,100
2019-02-11,158.110001,158.130005,157.389999,158.059998,158.059998,800
2019-02-12,159.679993,159.679993,159.679993,159.679993,159.679993,100
2019-02-13,160.539993,160.539993,160.539993,160.539993,160.539993,100
2019-02-14,160.500000,160.500000,160.029999,160.029999,160.029999,500
2019-02-15,161.309998,161.309998,161.309998,161.309998,161.309998,100
2019-02-19,160.949997,161.990005,160.949997,161.919998,161.919998,900
2019-02-20,161.619995,161.619995,161.619995,161.619995,161.619995,100
2019-02-21,161.110001,161.110001,161.029999,161.029999,161.029999,100
2019-02-22,161.779999,162.800003,161.779999,162.800003,162.800003,1000
2019-02-25,162.600006,162.600006,162.600006,162.600006,162.600006,100
2019-02-26,161.710007,162.630005,161.710007,162.630005,162.630005,200
2019-02-27,162.449997,162.449997,162.449997,162.449997,162.449997,100
2019-02-28,162.479996,162.479996,162.479996,162.479996,162.479996,100
2019-03-01,162.369995,162.369995,162.369995,162.369995,162.369995,100
2019-03-04,163.000000,163.000000,162.000000,162.220001,162.220001,300
2019-03-05,162.360001,162.360001,162.360001,162.360001,162.360001,100
2019-03-06,161.899994,161.949997,161.699997,161.949997,161.949997,900
2019-03-07,161.339996,161.339996,159.470001,159.770004,159.770004,900
2019-03-08,159.259995,159.669998,159.259995,159.669998,159.669998,100
2019-03-11,160.380005,162.300003,160.380005,162.300003,162.300003,600
2019-03-12,162.279999,162.279999,162.279999,162.279999,162.279999,100
2019-03-13,163.380005,163.570007,163.380005,163.570007,163.570007,500
2019-03-14,162.850006,162.850006,162.850006,162.850006,162.850006,100
2019-03-15,163.570007,164.220001,163.529999,164.220001,164.220001,900
2019-03-18,163.860001,164.350006,163.699997,164.350006,164.350006,300
2019-03-19,164.740005,164.740005,164.740005,164.740005,164.740005,100
2019-03-20,164.770004,164.770004,164.770004,164.770004,164.770004,100
